City_ID,City,Lat,Lng,Max Temp,Humidity,Cloudiness,Wind Speed,Country,Date
0,lebu,-37.6167,-73.65,59.07,78,97,2.98,CL,1623435133
1,kahului,20.8947,-156.47,81.34,65,1,6.91,US,1623435133
2,kapaa,22.0752,-159.319,79.12,69,75,4.0,US,1623435134
3,rikitea,-23.1203,-134.9692,75.18,84,91,16.6,PF,1623435339
4,victoria,22.2855,114.1577,83.32,91,60,10.0,HK,1623435390
5,bethel,41.3712,-73.414,79.81,44,1,8.05,US,1623435135
6,lata,40.1629,-8.3327,75.34,48,34,7.72,PT,1623435453
7,avarua,-21.2078,-159.775,71.65,78,75,9.22,CK,1623435454
8,tabou,4.423,-7.3528,77.68,86,100,1.57,CI,1623435454
9,punta arenas,-53.15,-70.9167,41.02,93,0,6.91,CL,1623435428
10,ushuaia,-54.8,-68.3,40.66,75,0,1.14,AR,1623435455
11,quang ngai,15.1167,108.8,77.92,88,100,3.71,VN,1623435455
12,port alfred,-33.5906,26.891,68.86,62,8,10.56,ZA,1623435138
13,hermanus,-34.4187,19.2345,63.9,67,93,2.44,ZA,1623435138
14,bengkulu,-3.8004,102.2655,76.33,86,96,3.78,ID,1623435139
15,lagoa,39.05,-27.9833,67.57,80,69,2.51,PT,1623435139
16,chokurdakh,70.6333,147.9167,46.13,55,3,8.34,RU,1623435140
17,qaanaaq,77.484,-69.3632,39.6,82,92,5.23,GL,1623435140
18,voi,-3.3945,38.563,68.7,84,57,11.5,KE,1623435141
19,torbay,47.6666,-52.7314,52.57,62,75,17.27,CA,1623435141
20,port augusta,-32.5,137.7667,51.94,86,97,2.44,AU,1623435141
21,ponta do sol,32.6667,-17.1,77.63,61,0,5.64,PT,1623435142
22,chuy,-33.6971,-53.4616,54.32,60,65,11.56,UY,1623435142
23,tiksi,71.6872,128.8694,48.9,72,100,9.48,RU,1623435143
24,airai,-8.9266,125.4092,56.46,89,24,2.66,TL,1623435143
25,nikolskoye,59.7035,30.7861,71.49,61,100,6.24,RU,1623435144
26,mataura,-46.1927,168.8643,37.26,95,15,3.15,NZ,1623435144
27,puri,19.8,85.85,86.38,78,100,9.57,IN,1623435145
28,tuktoyaktuk,69.4541,-133.0374,41.0,87,40,8.05,CA,1623435145
29,longyearbyen,78.2186,15.6401,37.24,60,75,2.3,SJ,1623435145
30,merritt island,28.5392,-80.672,98.15,55,75,8.05,US,1623434939
31,yarada,17.65,83.2667,84.52,74,90,8.05,IN,1623435146
32,severnoye,56.3491,78.3619,45.43,79,39,1.21,RU,1623435146
33,busselton,-33.65,115.3333,53.1,84,87,3.96,AU,1623435147
34,imbituba,-28.24,-48.6703,67.89,67,1,11.07,BR,1623435147
35,bandarbeyla,9.4942,50.8122,79.18,81,78,32.53,SO,1623435147
36,yellowknife,62.456,-114.3525,52.32,100,90,11.5,CA,1623435148
37,puerto ayora,-0.7393,-90.3518,84.16,87,84,5.99,EC,1623435148
38,cherskiy,68.75,161.3,36.73,71,16,6.6,RU,1623435149
39,emba,48.8264,58.1442,73.54,42,94,7.74,KZ,1623435149
40,tapalpa,19.95,-103.7667,75.83,37,2,1.77,MX,1623435150
41,calvinia,-31.4707,19.776,60.84,23,50,5.21,ZA,1623435150
42,upernavik,72.7868,-56.1549,34.9,94,21,11.72,GL,1623435151
43,kodiak,57.79,-152.4072,49.51,81,90,4.61,US,1623435139
44,dikson,73.5069,80.5464,31.89,99,100,4.97,RU,1623435151
45,hobart,-42.8794,147.3294,57.02,94,90,4.0,AU,1623434996
46,albany,42.6001,-73.9662,78.31,53,95,1.99,US,1623434864
47,havoysund,70.9963,24.6622,61.68,94,100,4.14,NO,1623435152
48,christchurch,-43.5333,172.6333,37.6,100,90,2.3,NZ,1623435130
49,taoudenni,22.6783,-3.9836,112.44,6,0,13.33,ML,1623435153
50,kruisfontein,-34.0033,24.7314,60.89,48,56,3.29,ZA,1623435153
51,fethiye,36.6217,29.1164,71.47,75,2,3.33,TR,1623434877
52,esperance,-33.8667,121.9,58.84,84,100,6.93,AU,1623435154
53,nouadhibou,20.931,-17.0347,75.18,69,5,11.5,MR,1623435154
54,joutseno,61.118,28.5076,69.85,71,58,8.08,FI,1623435155
55,mount gambier,-37.8333,140.7667,46.92,95,3,3.27,AU,1623435155
56,magadan,59.5667,150.8,45.77,65,0,2.39,RU,1623435156
57,guaruja,-23.9931,-46.2564,73.0,82,100,9.75,BR,1623435156
58,riyadh,24.6877,46.7219,100.45,8,0,13.8,SA,1623435008
59,brandon,27.9378,-82.2859,94.15,62,1,1.01,US,1623435043
60,salalah,17.0151,54.0924,84.29,89,20,9.22,OM,1623435157
61,kushima,31.4583,131.2333,72.12,97,100,6.64,JP,1623435157
62,pisco,-13.7,-76.2167,68.05,68,90,17.27,PE,1623435158
63,fortuna,40.5982,-124.1573,61.66,65,90,4.0,US,1623435158
64,barrow,71.2906,-156.7887,39.22,81,90,8.05,US,1623435159
65,biak,-0.9131,122.8766,76.33,83,56,5.7,ID,1623435159
66,kaitangata,-46.2817,169.8464,38.79,93,25,3.83,NZ,1623435159
67,mar del plata,-38.0023,-57.5575,54.12,60,0,8.01,AR,1623434952
68,jamestown,42.097,-79.2353,83.01,56,20,1.01,US,1623434871
69,abha,18.2164,42.5053,73.65,57,40,6.91,SA,1623435161
70,constitucion,-35.3333,-72.4167,63.82,61,53,9.4,CL,1623435161
71,buin,-33.7333,-70.75,75.52,12,10,1.61,CL,1623435162
72,darnah,32.767,22.6367,71.73,76,1,9.55,LY,1623435162
73,dauphin,51.1494,-100.0502,62.74,98,90,5.75,CA,1623435162
74,cape town,-33.9258,18.4232,64.11,50,0,9.22,ZA,1623435141
75,bredasdorp,-34.5322,20.0403,54.72,94,75,3.44,ZA,1623435149
76,vaini,-21.2,-175.2,73.58,61,39,25.7,TO,1623435163
77,klaksvik,62.2266,-6.589,49.12,86,87,24.74,FO,1623435163
78,komsomolskiy,40.4272,71.7189,78.22,27,46,8.32,UZ,1623435164
79,guzelyurt,38.2772,34.3719,61.59,59,62,5.17,TR,1623435164
80,whitehorse,60.7161,-135.0538,54.37,50,75,2.3,CA,1623435165
81,viedma,-40.8135,-62.9967,65.86,43,99,14.67,AR,1623435028
82,nadvoitsy,63.8667,34.3167,66.67,44,2,9.01,RU,1623435165
83,gorin,51.1983,136.6669,57.2,97,100,2.89,RU,1623435166
84,dasoguz,41.8363,59.9666,78.91,20,1,9.66,TM,1623435166
85,georgetown,5.4112,100.3354,82.89,82,20,1.14,MY,1623435066
86,provideniya,64.3833,-173.3,39.78,92,100,9.57,RU,1623435167
87,maraa,-1.8333,-65.3667,80.89,88,47,3.71,BR,1623435167
88,talnakh,69.4865,88.3972,34.16,100,100,3.38,RU,1623435167
89,saquena,-4.6667,-73.5167,92.34,46,14,3.36,PE,1623435168
90,kirovskiy,45.0917,133.5136,59.14,98,100,4.43,RU,1623435168
91,thompson,55.7435,-97.8558,66.36,52,75,11.5,CA,1623435160
92,east london,-33.0153,27.9116,63.54,72,0,4.61,ZA,1623435169
93,hilo,19.7297,-155.09,77.79,76,1,3.44,US,1623435169
94,djibo,14.1022,-1.6306,104.04,18,37,4.07,BF,1623435170
95,daru,-9.0763,143.2092,78.66,87,72,10.36,PG,1623435170
96,hay river,60.8156,-115.7999,40.98,100,90,5.75,CA,1623435153
97,cidreira,-30.1811,-50.2056,59.67,55,3,16.17,BR,1623435149
98,aksarka,66.5606,67.7975,57.7,64,100,10.4,RU,1623435171
99,butaritari,3.0707,172.7902,82.35,73,44,12.37,KI,1623435171
100,quatre cocos,-20.2078,57.7625,75.31,76,88,20.65,MU,1623435172
101,norman wells,65.282,-126.8329,59.04,67,75,4.61,CA,1623435172
102,guiratinga,-16.3494,-53.7583,74.05,66,100,3.51,BR,1623435173
103,hasaki,35.7333,140.8333,63.28,75,100,9.15,JP,1623435173
104,hithadhoo,-0.6,73.0833,83.97,73,64,10.51,MV,1623435174
105,bambous virieux,-20.3428,57.7575,75.45,73,75,14.97,MU,1623435174
106,henties bay,-22.116,14.2845,64.51,63,32,4.65,NA,1623435175
107,bluff,-46.6,168.3333,42.93,87,12,7.0,NZ,1623435148
108,castro,-24.7911,-50.0119,63.21,69,74,7.54,BR,1623435175
109,leningradskiy,69.3833,178.4167,32.92,93,100,5.19,RU,1623435176
110,saldanha,-33.0117,17.9442,57.25,78,73,6.67,ZA,1623435176
111,ahipara,-35.1667,173.1667,55.78,91,78,6.62,NZ,1623435177
112,geelong,-38.1471,144.3607,54.07,93,90,8.01,AU,1623435177
113,inverell,-29.7833,151.1167,45.66,91,52,1.01,AU,1623435177
114,atuona,-9.8,-139.0333,78.96,76,15,14.99,PF,1623435178
115,awbari,26.5921,12.7805,89.85,14,0,9.69,LY,1623435178
116,pevek,69.7008,170.3133,31.84,90,58,7.38,RU,1623435158
117,raudeberg,61.9875,5.1352,58.6,94,99,17.05,NO,1623435179
118,laguna,38.421,-121.4238,77.65,38,1,3.0,US,1623435179
119,evensk,61.95,159.2333,46.78,71,94,7.45,RU,1623435180
120,coihaique,-45.5752,-72.0662,51.75,87,90,9.22,CL,1623435180
121,sao filipe,14.8961,-24.4956,74.16,83,14,5.46,CV,1623435162
122,richards bay,-28.783,32.0377,63.55,84,0,7.0,ZA,1623435181
123,saint-philippe,-21.3585,55.7679,72.99,82,87,18.81,RE,1623435181
124,kazachinskoye,57.6953,93.2761,42.75,68,25,4.18,RU,1623435182
125,fairbanks,64.8378,-147.7164,59.09,69,90,3.44,US,1623435182
126,souillac,-20.5167,57.5167,75.58,73,75,14.97,MU,1623435183
127,mandal,25.45,74.5667,93.2,35,15,16.64,IN,1623435183
128,mayo,38.8876,-76.5119,70.95,96,90,11.01,US,1623435183
129,kununurra,-15.7667,128.7333,51.78,82,85,0.0,AU,1623434984
130,brownsville,25.9018,-97.4975,93.9,60,20,7.0,US,1623435129
131,coahuayana,18.7333,-103.6833,89.08,48,100,7.29,MX,1623435184
132,praia da vitoria,38.7333,-27.0667,71.85,78,75,2.68,PT,1623435186
133,grindavik,63.8424,-22.4338,44.55,70,75,32.21,IS,1623435186
134,wanning,18.8003,110.3967,78.19,92,100,6.78,CN,1623435186
135,neyshabur,36.2133,58.7958,84.52,16,0,8.03,IR,1623435187
136,krutinka,56.0055,71.5113,49.24,79,49,4.65,RU,1623435187
137,mahanoro,-19.9,48.8,67.41,88,2,5.53,MG,1623435187
138,havre-saint-pierre,50.2334,-63.5986,52.16,58,90,19.57,CA,1623435188
139,srednekolymsk,67.45,153.6833,43.74,64,12,3.18,RU,1623435188
140,niksar,40.5917,36.9517,60.37,89,18,3.49,TR,1623435189
141,istisu,40.9457,48.0738,66.87,87,62,3.13,AZ,1623435189
142,paidha,2.4167,30.9855,66.43,55,24,5.57,UG,1623435190
143,tasiilaq,65.6145,-37.6368,42.96,93,100,3.27,GL,1623435190
144,agadez,19.75,10.25,95.86,10,0,5.46,NE,1623435190
145,honningsvag,70.9821,25.9704,51.55,93,75,5.75,NO,1623435191
146,nunguan,7.1283,124.6891,74.14,97,100,1.12,PH,1623435191
147,lasa,46.6166,10.7002,70.68,86,73,5.28,IT,1623435192
148,taseyevo,57.2169,94.8978,43.05,60,12,2.77,RU,1623435192
149,samarai,-10.6167,150.6667,80.15,85,10,10.96,PG,1623435192
150,namatanai,-3.6667,152.4333,78.91,82,18,9.46,PG,1623435193
151,aksu,41.1231,80.2644,78.85,23,83,10.0,CN,1623435193
152,lorengau,-2.0226,147.2712,80.28,83,84,9.57,PG,1623435194
153,yatou,37.15,122.3833,63.68,93,50,3.49,CN,1623435194
154,rio gallegos,-51.6226,-69.2181,44.65,70,0,9.22,AR,1623435195
155,corinto,37.9407,22.9573,75.02,75,81,3.62,GR,1623435195
156,baikunthpur,23.25,82.55,81.55,69,35,1.05,IN,1623435196
157,san policarpo,12.1791,125.5072,77.49,89,100,5.84,PH,1623435196
158,husavik,66.0449,-17.3389,39.11,98,100,26.08,IS,1623435197
159,clyde river,70.4692,-68.5914,41.23,70,20,27.63,CA,1623435197
160,goundam,16.4145,-3.6708,105.49,18,19,8.77,ML,1623435197
161,laguna de perlas,12.3429,-83.6712,84.74,68,75,5.66,NI,1623435198
162,derzhavinsk,51.1,66.3167,61.59,40,72,17.9,KZ,1623435198
163,tuy hoa,13.0833,109.3,81.57,72,100,11.54,VN,1623435199
164,mae ramat,16.984,98.5166,73.11,98,100,2.19,TH,1623435199
165,guozhen,34.3659,107.359,77.09,61,99,4.38,CN,1623435199
166,jiuquan,39.7432,98.5174,71.73,27,76,2.59,CN,1623435200
167,san ignacio,17.1561,-89.0714,89.74,66,40,4.61,BZ,1623435200
168,meybod,32.2501,54.0166,93.22,9,0,5.46,IR,1623435201
169,luderitz,-26.6481,15.1594,62.8,53,60,3.22,NA,1623435201
170,arraial do cabo,-22.9661,-42.0278,75.06,83,75,8.05,BR,1623435202
171,alice springs,-23.7,133.8833,45.95,34,27,5.75,AU,1623435199
172,beyneu,45.3167,55.2,75.11,51,100,2.44,KZ,1623435202
173,dokka,60.84,10.0618,64.42,61,99,9.44,NO,1623435203
174,maningrida,-12.0667,134.2667,63.73,91,29,8.41,AU,1623435203
175,douentza,14.9951,-2.9517,83.43,54,84,10.4,ML,1623435204
176,carnarvon,-24.8667,113.6333,60.87,74,75,5.75,AU,1623435204
177,bilma,18.6853,12.9164,100.99,9,40,6.64,NE,1623435204
178,linkoping,58.4109,15.6216,73.78,57,75,6.91,SE,1623435205
179,vaitape,-16.5167,-151.75,76.15,86,99,8.34,PF,1623435205
180,cayenne,4.9333,-52.3333,84.09,77,90,1.01,GF,1623434975
181,payson,40.0444,-111.7321,74.03,29,1,1.01,US,1623434949
182,flinders,-34.5833,150.8552,54.25,70,3,7.0,AU,1623435206
183,baghdad,33.3406,44.4009,89.51,20,0,14.97,IQ,1623435206
184,kiama,-34.6833,150.8667,54.45,68,4,5.99,AU,1623435207
185,novo aripuana,-5.1206,-60.3797,91.67,45,93,3.09,BR,1623435207
186,iqaluit,63.7506,-68.5145,42.53,65,20,10.0,CA,1623435179
187,somerset east,-32.7217,25.588,63.28,33,17,7.49,ZA,1623435208
188,acapulco,16.8634,-99.8901,82.22,83,90,5.75,MX,1623435057
189,grand gaube,-20.0064,57.6608,75.6,71,80,10.0,MU,1623435208
190,bagotville,-28.9833,153.4167,49.78,84,7,6.2,AU,1623435209
191,romanovo,52.6182,81.2271,49.08,64,95,8.59,RU,1623435209
192,mayya,61.7333,130.2811,47.52,79,2,3.27,RU,1623435210
193,nueva loja,0.0847,-76.8828,80.62,83,75,5.75,EC,1623435210
194,dingle,10.9995,122.6711,76.42,95,100,1.16,PH,1623435210
195,duluth,46.7833,-92.1066,65.46,96,90,5.99,US,1623435051
196,saint george,37.1041,-113.5841,84.34,9,1,1.01,US,1623434977
197,vao,-22.6667,167.4833,72.63,74,100,13.58,NC,1623435211
198,panji,-7.7253,114.0995,76.64,80,63,4.94,ID,1623435212
199,yakeshi,49.2833,120.7333,53.19,76,0,4.29,CN,1623435212
200,meulaboh,4.1363,96.1285,77.38,86,92,4.23,ID,1623435212
201,kavaratti,10.5669,72.642,83.59,77,100,18.32,IN,1623435213
202,gilgit,35.9221,74.3087,79.16,37,6,0.96,PK,1623435213
203,carutapera,-1.195,-46.02,77.0,84,100,3.69,BR,1623435214
204,olafsvik,64.8945,-23.7142,43.34,59,90,15.37,IS,1623435144
205,aklavik,68.2191,-135.0107,59.72,81,75,8.05,CA,1623435214
206,new norfolk,-42.7826,147.0587,56.66,85,100,1.01,AU,1623435163
207,muros,42.7762,-9.0603,84.24,61,0,16.15,ES,1623435215
208,mahebourg,-20.4081,57.7,75.49,73,75,14.97,MU,1623435215
209,ndjole,-0.1783,10.7649,77.07,93,100,3.71,GA,1623435216
210,itagi,-14.1628,-40.0061,85.6,40,68,5.7,BR,1623435216
211,cap malheureux,-19.9842,57.6142,75.69,71,82,10.0,MU,1623435216
212,aquiraz,-3.9014,-38.3911,86.09,66,21,9.75,BR,1623435217
213,kamaishi,39.2667,141.8833,61.2,93,100,9.06,JP,1623435217
214,darhan,49.4867,105.9228,50.07,85,73,4.72,MN,1623435218
215,wufeng,27.45,104.8333,59.41,95,96,3.44,CN,1623435218
216,acajutla,13.5928,-89.8275,89.94,68,59,6.17,SV,1623435219
217,tuatapere,-46.1333,167.6833,42.93,89,8,4.79,NZ,1623435219
218,hamilton,39.1834,-84.5333,89.74,68,75,1.99,US,1623435219
219,laramie,41.3114,-105.5911,68.77,19,1,1.99,US,1623435009
220,cabo san lucas,22.8909,-109.9124,100.51,74,1,9.22,MX,1623435209
221,geraldton,-28.7667,114.6,59.41,100,90,6.91,AU,1623435220
222,necochea,-38.5473,-58.7368,60.04,44,100,14.27,AR,1623435221
223,lokosovo,61.1333,74.8167,56.59,67,100,7.4,RU,1623435221
224,valle hermoso,25.6667,-97.8333,93.06,48,91,18.01,MX,1623435221
225,sarangani,5.4033,125.4636,81.43,75,97,3.98,PH,1623435222
226,syracuse,37.0881,15.2792,76.89,64,35,5.64,IT,1623435222
227,patrocinio,-18.9439,-46.9925,71.96,59,85,8.7,BR,1623435223
228,urengoy,65.9667,78.3667,48.25,88,98,9.64,RU,1623435223
229,manuk mangkaw,4.8,119.85,83.5,72,84,3.2,PH,1623435223
230,san patricio,28.017,-97.5169,92.07,51,0,15.01,US,1623435224
231,kuching,1.55,110.3333,75.42,88,40,3.44,MY,1623435224
232,ancud,-41.8697,-73.8203,57.42,94,100,18.7,CL,1623435225
233,kaili,-3.4626,120.2147,66.09,92,32,3.33,ID,1623435225
234,saint anthony,45.0205,-93.218,84.52,55,1,1.99,US,1623435225
235,yumen,40.2833,97.2,74.08,21,89,7.4,CN,1623435226
236,kombissiri,12.0656,-1.3375,85.98,30,27,3.33,BF,1623435226
237,villa maria,-32.4075,-63.2402,68.83,38,34,9.93,AR,1623435227
238,yantal,56.8471,105.2542,41.16,63,33,3.53,RU,1623435227
239,mehamn,71.0357,27.8492,64.31,89,100,6.49,NO,1623435228
240,port elizabeth,-33.918,25.5701,63.1,82,0,5.75,ZA,1623435228
241,saskylakh,71.9167,114.0833,36.73,94,100,18.34,RU,1623435131
242,kirakira,-10.4544,161.9205,78.66,86,45,8.32,SB,1623435229
243,port moresby,-9.4431,147.1797,74.14,91,13,4.18,PG,1623435229
244,kandrian,-6.2167,149.55,78.08,88,48,7.63,PG,1623435230
245,kautokeino,69.0125,23.0412,68.52,51,100,29.21,NO,1623435230
246,lagunas,-5.2269,-75.6753,84.52,71,64,2.13,PE,1623435231
247,savannah bight,16.45,-85.85,89.65,79,100,19.62,HN,1623435231
248,ambilobe,-13.2,49.05,70.18,84,23,1.68,MG,1623435232
249,nortelandia,-14.4547,-56.8028,84.56,48,99,5.84,BR,1623435233
250,reynosa,26.0833,-98.2833,92.97,58,40,14.97,MX,1623435005
251,tongliao,43.6125,122.2653,71.2,60,19,11.45,CN,1623435234
252,ilulissat,69.2167,-51.1,39.22,70,75,5.75,GL,1623435234
253,jalu,29.0331,21.5482,85.24,23,0,11.63,LY,1623435234
254,kamenka,51.3223,42.7678,63.03,79,16,4.59,RU,1623435235
255,ucluelet,48.9329,-125.5528,56.08,88,100,1.01,CA,1623435038
256,pelym,61.0108,61.9978,59.49,46,29,5.75,RU,1623435235
257,ozark,37.0209,-93.206,92.75,70,33,1.01,US,1623435236
258,lukulu,-14.3707,23.242,62.19,31,32,5.99,ZM,1623435236
259,teguldet,57.3064,88.1667,43.0,66,22,3.89,RU,1623435237
260,ballybofey,54.8,-7.7833,56.95,63,90,11.79,IE,1623435237
261,moose factory,51.2585,-80.6094,59.0,44,1,9.22,CA,1623435238
262,nome,64.5011,-165.4064,42.87,87,90,10.36,US,1623435238
263,abu zabad,12.35,29.25,87.82,41,64,16.98,SD,1623435239
264,barcelos,41.5388,-8.6151,86.29,47,27,6.04,PT,1623435239
265,camacha,33.0833,-16.3333,75.96,77,40,14.97,PT,1623435239
266,karratha,-20.7377,116.8463,73.56,70,100,8.81,AU,1623435240
267,tijucas,-27.2414,-48.6336,75.87,65,37,4.03,BR,1623435240
268,san cristobal,7.7669,-72.225,82.58,68,89,6.8,VE,1623435014
269,sarh,9.1429,18.3923,89.51,58,0,0.0,TD,1623435241
270,ponta delgada,37.7333,-25.6667,68.72,83,75,3.44,PT,1623435241
271,bontang,0.1333,117.5,77.02,88,72,4.41,ID,1623435020
272,puerto maldonado,-12.6,-69.1833,63.0,100,75,9.22,PE,1623435242
273,nanortalik,60.1432,-45.2371,36.75,96,99,1.43,GL,1623435171
274,namibe,-15.1961,12.1522,74.17,64,4,11.05,AO,1623435205
275,almeirim,-1.5233,-52.5817,79.86,76,99,2.73,BR,1623435234
276,katsuura,35.1333,140.3,70.11,79,99,7.0,JP,1623435243
277,westport,41.1415,-73.3579,79.61,58,1,1.01,US,1623435243
278,ahome,25.9167,-109.1833,94.14,57,63,1.99,MX,1623435244
279,kenai,60.5544,-151.2583,51.89,76,1,16.11,US,1623435244
280,chala,-7.5833,31.2667,58.73,66,15,2.01,TZ,1623435244
281,susanino,58.1461,41.5872,59.05,71,33,5.28,RU,1623435245
282,khatanga,71.9667,102.5,34.88,71,17,0.96,RU,1623435245
283,newport,51.5877,-2.9984,68.18,89,100,12.84,GB,1623435246
284,naze,28.3667,129.4833,74.98,91,100,5.08,JP,1623435075
285,kanniyakumari,8.0833,77.5667,81.09,81,71,19.57,IN,1623435247
286,garowe,8.4054,48.4845,85.19,39,90,16.11,SO,1623435247
287,sikandarabad,28.45,77.7,95.43,37,23,12.37,IN,1623435247
288,sao joao da barra,-21.6403,-41.0511,82.49,78,17,6.33,BR,1623435045
289,bathsheba,13.2167,-59.5167,86.61,58,20,13.8,BB,1623435248
290,bam,29.106,58.357,99.54,7,1,8.52,IR,1623435248
291,hualmay,-11.0964,-77.6139,69.37,69,49,10.98,PE,1623435249
292,port macquarie,-31.4333,152.9167,45.37,78,3,4.14,AU,1623435009
293,avera,33.194,-82.5271,89.91,64,84,12.01,US,1623435147
294,port hedland,-20.3167,118.5667,71.65,94,77,1.14,AU,1623435250
295,ritchie,-29.038,24.6028,61.81,42,11,10.65,ZA,1623435250
296,presidencia roque saenz pena,-26.7852,-60.4388,71.76,44,0,3.67,AR,1623435250
297,mancio lima,-7.6142,-72.8958,91.47,58,75,0.0,BR,1623435251
298,egvekinot,66.3167,-179.1667,38.41,77,99,0.51,RU,1623435251
299,rocha,-34.4833,-54.3333,53.2,65,78,12.68,UY,1623435166
300,tessalit,20.1986,1.0114,107.24,7,21,11.7,ML,1623435252
301,broken hill,-31.95,141.4333,54.23,65,100,5.7,AU,1623435252
302,kingsville,27.5159,-97.8561,94.96,57,40,5.99,US,1623435253
303,hofn,64.2539,-15.2082,53.62,50,0,29.93,IS,1623435253
304,yerbogachen,61.2767,108.0108,38.53,79,10,4.59,RU,1623435254
305,zarate,-34.0981,-59.0286,63.03,42,74,8.5,AR,1623435254
306,rudiskes,54.5167,24.8333,68.81,84,82,2.57,LT,1623435255
307,hobyo,5.3505,48.5268,78.44,78,89,23.82,SO,1623435255
308,beloha,-25.1667,45.05,67.44,81,2,12.08,MG,1623435256
309,mecca,21.4267,39.8261,92.88,30,4,6.42,SA,1623435088
310,martin,27.0837,-80.4164,91.98,63,25,4.27,US,1623435154
311,inhambane,-23.865,35.3833,66.18,94,40,3.44,MZ,1623435256
312,sisimiut,66.9395,-53.6735,39.87,73,32,7.27,GL,1623435257
313,kjollefjord,70.9457,27.3465,64.18,89,100,6.02,NO,1623435258
314,soyo,-6.1349,12.3689,76.48,90,40,9.93,AO,1623435258
315,sarahan,31.5167,77.8,64.67,81,54,2.08,IN,1623435258
316,bindura,-17.3019,31.3306,42.84,42,12,4.23,ZW,1623435259
317,birao,10.2849,22.7882,92.32,31,93,6.06,CF,1623435259
318,chalus,36.655,51.4204,74.21,78,3,1.72,IR,1623435171
319,sao felix do xingu,-6.6447,-51.995,89.94,41,99,1.88,BR,1623435260
320,baoning,25.3378,110.026,75.88,93,44,2.26,CN,1623435260
321,dourbali,11.8091,15.8632,98.82,24,72,8.72,TD,1623435013
322,makakilo city,21.3469,-158.0858,77.32,78,1,6.91,US,1623435261
323,omsukchan,62.5333,155.8,39.24,86,99,2.37,RU,1623435261
324,hovd,48.0056,91.6419,53.69,80,64,1.79,MN,1623435262
325,batouri,4.4333,14.3667,75.11,72,87,3.71,CM,1623435262
326,merauke,-8.4667,140.3333,78.03,88,61,11.03,ID,1623435263
327,sur,22.5667,59.5289,87.13,70,0,14.83,OM,1623435263
328,te anau,-45.4167,167.7167,41.07,91,16,1.21,NZ,1623435264
329,caravelas,-17.7125,-39.2481,77.25,71,52,6.46,BR,1623435264
330,isangel,-19.55,169.2667,72.48,73,84,10.22,VU,1623435264
331,show low,34.2542,-110.0298,85.66,7,1,6.91,US,1623435265
332,maneadero,31.7167,-116.5667,74.19,75,0,3.0,MX,1623435265
333,shimoda,34.6667,138.95,67.15,81,100,1.21,JP,1623435266
334,conceicao do araguaia,-8.2578,-49.2647,95.13,38,0,4.61,BR,1623435266
335,celestun,20.8667,-90.4,86.83,59,100,6.15,MX,1623435266
336,kayerkan,69.3497,87.7602,34.41,99,100,7.14,RU,1623435267
337,nuuk,64.1835,-51.7216,41.61,81,75,6.91,GL,1623435267
338,ust-nera,64.5667,143.2,48.31,62,11,1.68,RU,1623435268
339,guasdualito,7.2424,-70.7324,78.31,89,95,6.67,VE,1623434998
340,severo-kurilsk,50.6789,156.125,47.05,80,100,5.59,RU,1623435268
341,knysna,-34.0363,23.0471,59.38,52,48,3.8,ZA,1623435269
342,marshfield,44.6689,-90.1718,86.88,65,1,8.05,US,1623435134
343,isla mujeres,21.2311,-86.731,89.65,70,92,12.44,MX,1623435269
344,san carlos,9.6612,-68.5827,83.12,65,91,5.28,VE,1623435270
345,ginda,30.6945,78.4932,67.91,85,31,3.87,IN,1623435270
346,san francisco,37.7749,-122.4194,73.63,63,20,4.0,US,1623435000
347,elizabeth city,36.2946,-76.2511,84.02,83,75,4.61,US,1623435165
348,rafaela,-31.2503,-61.4867,66.99,30,68,4.0,AR,1623435016
349,jalpan,21.2333,-99.4833,85.84,41,100,3.49,MX,1623435271
350,listvyanskiy,54.4399,83.4984,47.19,79,81,8.1,RU,1623435272
351,ostrovnoy,68.0531,39.5131,69.31,44,24,22.12,RU,1623435272
352,thanh hoa,19.8,105.7667,78.73,90,92,3.62,VN,1623435272
353,abu dhabi,24.4667,54.3667,89.71,79,0,6.91,AE,1623435248
354,haines junction,60.7522,-137.5108,66.15,27,37,10.36,CA,1623435273
355,grand-santi,4.25,-54.3833,80.64,91,98,0.83,GF,1623435273
356,la asuncion,11.0333,-63.8628,73.13,100,61,17.27,VE,1623435274
357,lompoc,34.6391,-120.4579,80.85,47,1,16.11,US,1623435274
358,san luis,-33.295,-66.3356,65.26,44,1,16.13,AR,1623435275
359,bilibino,68.0546,166.4372,41.47,79,100,2.37,RU,1623435275
360,aleksandrovka,46.8383,32.7612,66.31,69,98,6.55,UA,1623435276
361,arrecife,28.963,-13.5477,80.58,47,0,24.16,ES,1623435276
362,guerrero negro,27.9769,-114.0611,69.39,60,10,20.15,MX,1623435276
363,mezen,65.8522,44.24,66.43,45,25,1.45,RU,1623435277
364,gazanjyk,39.2446,55.5154,82.02,42,0,12.46,TM,1623435277
365,portland,45.5234,-122.6762,59.85,84,100,3.0,US,1623434979
366,ravenna,44.4167,11.9833,79.11,71,89,5.99,IT,1623435278
367,shevchenkove,49.6959,37.1735,60.58,79,69,5.66,UA,1623435278
368,catuday,16.2923,119.8062,78.62,83,100,9.31,PH,1623435279
369,roseburg,43.2165,-123.3417,57.31,64,90,3.44,US,1623435279
370,gamba,-2.65,10.0,76.33,88,75,5.14,GA,1623435279
371,hervey bay,-25.2986,152.8535,46.04,60,5,7.61,AU,1623435280
372,hami,42.8,93.45,79.75,28,97,9.51,CN,1623435280
373,narsaq,60.9167,-46.05,48.42,82,100,5.44,GL,1623435281
374,qasigiannguit,68.8193,-51.1922,39.45,80,93,4.29,GL,1623435281
375,nishihara,26.1842,127.7558,78.85,94,40,5.75,JP,1623435281
376,kendari,-3.945,122.4989,74.55,94,18,2.44,ID,1623435282
377,uray,60.1247,64.7758,58.55,55,56,5.91,RU,1623435282
378,bonavista,48.6499,-53.1147,55.4,78,67,15.23,CA,1623435283
379,inyonga,-6.7167,32.0667,66.0,59,3,5.1,TZ,1623435283
380,burnie,-41.0667,145.9167,55.92,85,64,4.74,AU,1623435283
381,tadine,-21.55,167.8833,71.8,82,100,10.51,NC,1623435284
382,fort myers beach,26.452,-81.9481,93.0,66,20,3.0,US,1623435269
383,marevo,57.3146,32.0804,53.44,98,100,3.15,RU,1623435284
384,vanimo,-2.6741,141.3028,76.1,89,55,6.04,PG,1623435285
385,harper,4.375,-7.7169,78.12,84,100,1.28,LR,1623435285
386,assiniboia,49.6334,-105.9845,58.91,62,100,28.77,CA,1623435199
387,rehli,23.6333,79.0833,86.0,56,64,12.88,IN,1623435286
388,banbury,52.0602,-1.3403,69.71,75,100,11.88,GB,1623435286
389,andra,62.5147,65.8878,60.87,53,89,3.76,RU,1623435287
390,lodja,-3.4833,23.4333,81.3,38,51,2.15,CD,1623435287
391,sena madureira,-9.0656,-68.6569,89.98,47,94,1.83,BR,1623435288
392,boa vista,2.8197,-60.6733,87.78,55,75,10.36,BR,1623435288
393,bukachacha,52.9833,116.9167,54.63,73,63,2.21,RU,1623435289
394,sitka,57.0531,-135.33,55.29,67,75,3.44,US,1623435012
395,port lincoln,-34.7333,135.8667,52.61,80,70,7.0,AU,1623435289
396,fort nelson,58.8053,-122.7002,56.79,72,75,4.61,CA,1623435290
397,vardo,70.3705,31.1107,68.2,82,99,11.5,NO,1623435290
398,deputatskiy,69.3,139.9,45.64,55,43,3.51,RU,1623435291
399,bintulu,3.1667,113.0333,75.61,94,40,3.44,MY,1623435291
400,monopoli,40.9559,17.2896,79.25,69,55,8.16,IT,1623435291
401,ugoofaaru,5.6667,73.0,82.71,77,69,15.19,MV,1623435292
402,pundaguitan,6.3711,126.1689,82.36,75,95,8.97,PH,1623435292
403,chamonix-mont-blanc,45.9238,6.8693,72.03,75,62,4.23,FR,1623435293
404,tuburan,6.6439,122.2736,77.09,76,85,2.77,PH,1623435293
405,aykhal,66.0,111.5,42.12,72,85,7.81,RU,1623435293
406,almaznyy,48.0448,40.045,64.54,89,9,7.92,RU,1623435294
407,santa rosa,14.3122,121.1114,81.1,89,100,2.17,PH,1623435260
408,vanavara,60.34,102.2797,37.38,80,20,3.65,RU,1623435294
409,gobabis,-22.45,18.9667,60.03,31,0,12.1,NA,1623435295
410,fulton,33.7668,-84.4499,86.38,78,75,4.61,US,1623435031
411,kargopol,61.5071,38.9456,64.62,56,44,4.14,RU,1623435296
412,pachino,36.7186,15.0907,74.61,67,28,8.39,IT,1623435296
413,aktau,43.65,51.2,77.58,49,31,17.81,KZ,1623435296
414,kloulklubed,7.0419,134.2556,79.3,77,98,9.6,PW,1623435297
415,nishinomiya,34.7167,135.3333,74.19,100,100,4.56,JP,1623435297
416,bereda,43.2686,-7.5406,68.88,65,0,9.33,ES,1623435298
417,atkarsk,51.8718,45.0078,60.6,89,39,4.9,RU,1623435298
418,iki-burul,45.8208,44.6472,71.4,56,98,4.88,RU,1623435298
419,vestmannaeyjar,63.4427,-20.2734,50.99,53,40,17.27,IS,1623435299
420,potam,27.6,-110.3833,100.92,15,79,5.12,MX,1623435299
421,nioro,13.35,-15.75,96.22,36,100,5.95,GM,1623435300
422,atyrau,47.1167,51.8833,75.22,57,40,8.95,KZ,1623435000
423,eureka,40.8021,-124.1637,61.93,66,100,8.01,US,1623435300
424,ormara,25.2088,64.6357,84.07,83,9,17.31,PK,1623435300
425,cairns,-16.9167,145.7667,69.75,85,90,8.05,AU,1623435071
426,guilin,25.2819,110.2864,75.51,95,62,3.27,CN,1623435172
427,dhidhdhoo,6.8833,73.1,82.9,77,50,17.25,MV,1623435301
428,zambezi,-13.5432,23.1047,62.01,34,26,5.46,ZM,1623435303
429,bairiki,1.3292,172.9752,78.8,89,20,6.91,KI,1623435304
430,vilyuysk,63.7553,121.6247,44.1,96,100,5.99,RU,1623435305
431,chipinge,-20.1883,32.6236,53.24,60,18,1.39,ZW,1623435305
432,ayagoz,47.9714,80.4392,49.86,50,15,7.2,KZ,1623435306
433,basco,20.4487,121.9702,84.56,79,79,17.25,PH,1623435306
434,otradnoye,59.7775,30.8181,71.65,60,100,5.73,RU,1623435021
435,salym,60.0625,71.4789,53.62,68,90,5.82,RU,1623435307
436,dali,25.7,100.1833,59.4,94,100,2.15,CN,1623435307
437,fukue,32.6881,128.8419,72.61,96,100,20.0,JP,1623435308
438,seddon,-37.8068,144.8916,54.91,92,90,5.75,AU,1623435308
439,padang,-0.9492,100.3543,78.13,81,94,2.86,ID,1623435308
440,chik,54.9928,82.4311,48.18,70,0,4.47,RU,1623435309
441,abu samrah,35.3029,37.1841,70.43,57,0,17.16,SY,1623435214
442,ribeira grande,38.5167,-28.7,73.8,78,40,6.91,PT,1623435309
443,harrisonburg,38.4496,-78.8689,75.15,66,90,1.01,US,1623435080
444,turukhansk,65.8167,87.9833,46.47,99,100,8.63,RU,1623435310
445,finspang,58.7058,15.7674,73.92,62,100,7.02,SE,1623435310
446,kyzyl-suu,42.3414,78.0056,51.87,79,79,4.05,KG,1623435311
447,najran,17.4924,44.1277,90.25,12,55,5.46,SA,1623435311
448,tamandare,-8.7597,-35.1047,80.35,68,33,10.22,BR,1623435312
449,kalanwali,29.85,74.95,101.57,18,0,8.32,IN,1623435312
450,porto novo,6.4965,2.6036,80.42,78,99,7.96,BJ,1623435313
451,gazli,40.1333,63.45,88.97,17,2,10.04,UZ,1623435313
452,ixtapa,20.7,-105.2,90.23,58,1,6.91,MX,1623435314
453,vila do maio,15.1333,-23.2167,77.79,78,2,1.28,CV,1623435314
454,luau,-10.7073,22.2247,67.08,41,37,5.41,AO,1623435315
455,awka,6.2101,7.0741,76.05,82,100,5.82,NG,1623435315
456,kieta,-6.2167,155.6333,78.85,85,16,5.12,PG,1623435154
457,figline valdarno,43.6195,11.4693,76.96,74,90,3.0,IT,1623435316
458,shuiji,27.4214,118.345,74.61,97,99,1.28,CN,1623435316
459,nosy varika,-20.5833,48.5333,67.55,87,4,4.76,MG,1623435318
460,nehe,48.4833,124.8333,61.23,68,13,5.28,CN,1623435318
461,la libertad,-2.2333,-80.9,73.06,83,75,8.05,EC,1623435318
462,innisfail,-17.5333,146.0333,64.35,86,20,5.57,AU,1623435319
463,uruzgan,32.8333,66.0,81.27,7,0,7.81,AF,1623435320
464,lichinga,-13.3128,35.2406,62.69,67,75,4.61,MZ,1623435320
465,vila velha,-20.3297,-40.2925,81.97,71,20,9.22,BR,1623435320
466,south river,40.4465,-74.386,72.27,77,100,1.99,US,1623435321
467,belyy gorodok,56.965,37.5125,57.27,97,97,4.74,RU,1623435321
468,nyurba,63.2842,118.3319,40.95,79,48,5.5,RU,1623435142
469,san jose,37.3394,-121.895,73.53,41,20,5.99,US,1623435068
470,parauna,-16.9478,-50.4486,77.77,49,100,9.26,BR,1623435322
471,the valley,18.217,-63.0578,83.82,83,75,13.8,AI,1623435323
472,vozrozhdeniye,44.5503,38.2136,67.24,91,0,0.69,RU,1623435323
473,tambacounda,13.7539,-13.7586,89.65,2,0,4.61,SN,1623435324
474,ballinasloe,53.3275,-8.2194,62.71,73,90,9.91,IE,1623435324
475,postrelmov,49.9076,16.9123,69.73,87,61,2.62,CZ,1623435325
476,gouyave,12.1646,-61.7296,84.97,70,20,23.02,GD,1623435325
477,pangnirtung,66.1451,-65.7125,39.2,81,20,12.66,CA,1623435325
478,faanui,-16.4833,-151.75,76.37,85,99,8.14,PF,1623435326
479,marzuq,14.4,46.4667,84.43,44,89,6.44,YE,1623435326
480,rawson,-43.3002,-65.1023,63.55,49,61,19.19,AR,1623435052
481,dejen,10.1667,38.1333,70.14,23,99,4.85,ET,1623435327
482,pottstown,40.2454,-75.6496,64.94,89,90,3.0,US,1623435327
483,yelbarga,15.6333,76.0167,75.63,79,73,17.63,IN,1623435328
484,yamada,39.4667,141.95,60.15,88,100,9.24,JP,1623435328
485,yarmouth,41.7057,-70.2286,73.45,63,1,9.22,US,1623435329
486,verkhnevilyuysk,63.4453,120.3167,41.32,91,84,5.61,RU,1623435329
487,san quintin,30.4833,-115.95,68.18,61,2,17.25,MX,1623435330
488,kabalo,-6.05,26.9167,79.34,41,23,4.21,CD,1623435330
489,bonfim,3.0833,-59.95,75.72,85,100,2.73,BR,1623435331
490,uige,-7.6087,15.0613,77.0,37,74,2.26,AO,1623435331
491,sault sainte marie,46.5168,-84.3333,66.49,76,90,3.44,CA,1623435099
492,santa lucia,27.9117,-15.5407,74.52,34,0,23.02,ES,1623435332
493,umm kaddadah,13.6017,26.6876,93.94,22,87,1.83,SD,1623435332
494,painesville,41.7245,-81.2457,81.55,61,75,11.5,US,1623435333
495,astoria,46.1879,-123.8313,56.01,89,90,6.91,US,1623435333
496,manyana,-23.4,21.7167,59.61,36,1,8.5,BW,1623435254
497,beira,-19.8436,34.8389,68.09,88,20,3.44,MZ,1623435334
498,fernandina beach,30.6697,-81.4626,95.18,48,40,3.0,US,1623435334
499,steinbach,50.1667,8.5667,80.11,41,0,6.91,DE,1623435335
500,kaniama,-7.5667,24.1833,75.15,43,99,4.5,CD,1623435335
501,nuevitas,21.5453,-77.2644,87.24,70,100,10.18,CU,1623435336
502,zhigansk,66.7697,123.3711,45.46,86,100,17.16,RU,1623435201
503,praia,14.9215,-23.5087,77.54,78,14,11.5,CV,1623435337
504,la trinidad,16.455,120.5875,63.77,88,100,3.2,PH,1623435337
505,pacific grove,36.6177,-121.9166,72.57,46,1,4.0,US,1623435194
506,mareeba,-17.0,145.4333,65.12,94,93,2.21,AU,1623435338
507,coquimbo,-29.9533,-71.3436,62.33,67,0,8.05,CL,1623435188
508,sokoto,13.0609,5.239,100.96,23,38,7.07,NG,1623435186
509,waipawa,-41.4122,175.5153,49.1,92,90,1.07,NZ,1623435339
510,sangmelima,2.9333,11.9833,69.55,97,100,3.74,CM,1623435339
511,acari,-15.4311,-74.6158,73.56,55,44,7.27,PE,1623435340
512,touros,-5.1989,-35.4608,86.9,66,9,16.4,BR,1623435196
513,comodoro rivadavia,-45.8667,-67.5,57.06,72,75,10.36,AR,1623435079
514,north branch,45.5113,-92.9802,84.49,62,92,12.26,US,1623435341
515,kokkola,63.8385,23.1307,74.5,46,0,4.61,FI,1623435342
516,bar harbor,44.3876,-68.2039,61.34,69,90,7.0,US,1623435342
517,gazimurskiy zavod,51.5461,118.3266,54.3,64,12,3.56,RU,1623435342
518,semnan,35.5729,53.3971,86.02,14,0,3.8,IR,1623435343
519,sobolevo,54.4299,31.8996,58.69,91,86,5.08,RU,1623435160
520,puerto penasco,31.3167,-113.5333,86.72,28,2,7.09,MX,1623435343
521,oskarshamn,57.2645,16.4484,68.99,79,90,5.99,SE,1623435344
522,genhe,50.7833,121.5167,49.6,89,1,0.94,CN,1623435344
523,cedar city,37.6775,-113.0619,72.39,9,1,4.61,US,1623435345
524,gallup,35.5281,-108.7426,84.96,6,1,1.99,US,1623435248
525,tilichiki,60.4667,166.1,42.98,80,98,3.42,RU,1623435345
526,charkhari,25.4,79.75,92.59,44,29,14.05,IN,1623435346
527,glendive,47.1053,-104.7125,67.62,42,1,29.93,US,1623435346
528,smolenka,52.1352,113.4974,55.47,76,97,4.47,RU,1623435347
529,huarmey,-10.0681,-78.1522,71.04,68,45,12.08,PE,1623435347
530,mwanza,-2.5167,32.9,73.98,53,47,3.51,TZ,1623435347
531,morshansk,53.4435,41.8107,61.81,90,82,5.01,RU,1623435348
532,ayan,56.45,138.1667,42.89,84,100,13.31,RU,1623435349
533,jardim,-21.4803,-56.1381,76.6,49,100,5.97,BR,1623435349
534,buzuluk,52.7807,52.2635,61.59,94,100,6.96,RU,1623435350
535,biograd na moru,43.9433,15.4519,77.7,57,77,7.61,HR,1623435350
536,half moon bay,37.4636,-122.4286,73.58,55,1,5.75,US,1623435282
537,florence,43.7667,11.25,77.68,58,86,2.21,IT,1623435351
538,grand bank,47.0999,-55.765,53.6,65,49,18.57,CA,1623435351
539,kuala selangor,3.35,101.25,80.8,81,96,1.43,MY,1623435351
540,maidstone,51.2667,0.5167,75.2,74,100,4.0,GB,1623435352
541,banda aceh,5.5577,95.3222,80.62,79,100,11.68,ID,1623435352
542,burgersdorp,-30.9977,26.3286,52.99,52,3,6.87,ZA,1623435353
543,grand haven,43.0631,-86.2284,89.96,59,20,10.36,US,1623435353
544,wanaka,-44.7,169.15,41.58,84,2,1.9,NZ,1623435196
545,zemio,5.0314,25.1361,81.09,46,79,2.89,CF,1623435354
546,tautira,-17.7333,-149.15,77.02,80,100,3.98,PF,1623435354
547,anloga,5.7947,0.8973,82.36,79,66,18.66,GH,1623435355
548,zeya,53.75,127.2667,54.41,83,67,3.18,RU,1623435355
549,muleba,-1.8397,31.6544,70.79,56,49,1.41,TZ,1623435356
550,nabire,-3.3667,135.4833,74.28,89,98,3.02,ID,1623435356
551,arkhangelsk,64.5401,40.5433,71.71,56,20,2.24,RU,1623435357
552,burns lake,54.2331,-125.7533,54.82,39,65,3.27,CA,1623435311
553,oussouye,12.485,-16.5469,86.09,67,100,8.9,SN,1623435358
554,kaduqli,11.0167,29.7167,85.37,48,46,11.5,SD,1623435358
555,hargeysa,9.56,44.065,75.36,54,99,22.28,SO,1623435359
556,sandy bay,-42.913,147.3532,57.06,94,90,4.0,AU,1623435311
557,kandara,25.7191,73.2765,94.46,38,0,17.83,IN,1623435359
558,mandalgovi,45.7625,106.2708,56.32,70,15,9.26,MN,1623435360
